-- phpMyAdmin SQL Dump
-- version 4.0.10deb1
-- http://www.phpmyadmin.net
--
-- Host: localhost
-- Erstellungszeit: 09. Aug 2015 um 16:54
-- Server Version: 5.5.43-0ubuntu0.14.04.1
-- PHP-Version: 5.5.9-1ubuntu4.9

SET SQL_MODE = "NO_AUTO_VALUE_ON_ZERO";
SET time_zone = "+00:00";


/*!40101 SET @OLD_CHARACTER_SET_CLIENT=@@CHARACTER_SET_CLIENT */;
/*!40101 SET @OLD_CHARACTER_SET_RESULTS=@@CHARACTER_SET_RESULTS */;
/*!40101 SET @OLD_COLLATION_CONNECTION=@@COLLATION_CONNECTION */;
/*!40101 SET NAMES latin1 */;

--
-- Datenbank: `auto`
--

--
-- Daten für Tabelle `Auto`
--

INSERT INTO `auto` (`id`, `erstZulassung`, `kauf`, `kfz`, `kmaktuell`, `kmkauf`, `kmstart`, `kraftstoff_id`) VALUES
(1, '1995-01-01', '2007-01-11', 'M - UC 2522', 160156, 90278,90278,1),
(2, '2000-11-07', '2010-07-11', 'M - WU 3194', 96598, 62026, 62026,1);

--
-- TRUNCATE Tabelle vor dem Einfügen `auto_benutzer`
--

INSERT INTO `auto_benutzer` (`users_id`, `Auto_id`) VALUES
(1, 1),
(1, 2);


--
-- Daten für Tabelle `SonstigeAusgaben`
--

INSERT INTO `sonstigeausgaben` (`id`, `datum`, `kmStand`, `kommentar`, `kosten`, `auto_id`) VALUES
(1, '2014-09-04', 168000, 'Lack Weiß', 10.00, 1);


--
-- Daten für Tabelle `Tanken`
--

INSERT INTO `tanken` (`id`, `datum`, `kmStand`, `kosten`, `liter`, `preisproliter`, `auto_id`, `benzinart_id`, `land_id`, `ort_id`, `tank_id`) VALUES
(1, '2007-01-12 00:00:00', 90308, 68.00, 55.00, 1.236, 1, 1, 1, 3, 4),
(2, '2007-01-24 00:00:00', 90776, 62.00, 52.00, 1.192, 1, 1, 1, 3, 4),
(3, '2007-02-10 00:00:00', 91150, 50.00, 48.00, 1.042, 1, 1, 1, 3, 4),
(4, '2007-03-03 00:00:00', 91639, 70.00, 53.00, 1.321, 1, 1, 1, 3, 4),
(5, '2007-03-24 00:00:00', 92112, 71.00, 55.00, 1.291, 1, 1, 1, 3, 4),
(6, '2007-04-09 00:00:00', 92547, 62.00, 46.00, 1.348, 1, 1, 1, 3, 4),
(7, '2007-04-21 00:00:00', 93073, 68.00, 50.00, 1.360, 1, 1, 1, 3, 4),
(8, '2007-05-18 00:00:00', 93519, 75.00, 54.00, 1.389, 1, 1, 1, 3, 4),
(9, '2007-05-26 00:00:00', 93903, 54.00, 46.00, 1.174, 1, 1, 1, 3, 4),
(10, '2007-06-06 00:00:00', 94484, 40.00, 30.00, 1.333, 1, 1, 1, 3, 4),
(11, '2007-06-06 00:00:00', 94790, 73.00, 61.00, 1.197, 1, 1, 1, 3, 4),
(12, '2007-06-16 00:00:00', 95612, 107.00, 72.00, 1.486, 1, 1, 1, 3, 4),
(13, '2007-07-06 00:00:00', 96038, 68.00, 49.00, 1.388, 1, 1, 1, 3, 4),
(14, '2007-07-22 00:00:00', 96602, 70.00, 58.00, 1.207, 1, 1, 1, 3, 4),
(15, '2007-07-28 00:00:00', 96933, 47.00, 34.00, 1.382, 1, 1, 1, 3, 4),
(16, '2007-07-29 00:00:00', 97471, 78.00, 57.00, 1.368, 1, 1, 1, 3, 4),
(17, '2007-08-02 00:00:00', 97977, 76.00, 56.00, 1.357, 1, 1, 1, 3, 4),
(18, '2007-08-04 00:00:00', 98440, 68.00, 50.00, 1.360, 1, 1, 1, 3, 4),
(19, '2007-08-08 00:00:00', 98664, 35.00, 26.00, 1.346, 1, 1, 1, 3, 4),
(20, '2007-08-14 00:00:00', 99135, 65.00, 49.00, 1.327, 1, 1, 1, 3, 4),
(21, '2007-08-16 00:00:00', 99662, 20.00, 15.00, 1.333, 1, 1, 1, 3, 4),
(22, '2007-08-18 00:00:00', 99693, 65.00, 48.00, 1.354, 1, 1, 1, 3, 4),
(23, '2007-08-19 00:00:00', 99858, 25.00, 19.00, 1.316, 1, 1, 1, 3, 4),
(24, '2007-08-19 00:00:00', 100329, 68.00, 50.00, 1.360, 1, 1, 1, 3, 4),
(25, '2007-09-14 00:00:00', 100756, 66.00, 49.00, 1.347, 1, 1, 1, 3, 4),
(26, '2007-09-22 00:00:00', 101253, 78.00, 57.00, 1.368, 1, 1, 1, 3, 4),
(27, '2007-10-17 00:00:00', 101741, 77.00, 48.00, 1.604, 1, 1, 1, 3, 4),
(28, '2007-10-26 00:00:00', 102186, 70.00, 51.00, 1.373, 1, 1, 1, 3, 4),
(29, '2007-11-25 00:00:00', 102665, 68.00, 51.00, 1.333, 1, 1, 1, 3, 4),
(30, '2007-11-29 00:00:00', 103084, 82.00, 57.00, 1.439, 1, 1, 1, 3, 4),
(31, '2007-12-26 00:00:00', 103400, 65.00, 47.00, 1.383, 1, 1, 1, 3, 4),
(32, '2008-01-02 00:00:00', 103969, 76.00, 60.00, 1.267, 1, 1, 1, 3, 4),
(33, '2008-01-19 00:00:00', 104467, 80.00, 59.00, 1.356, 1, 1, 1, 3, 4),
(34, '2008-02-27 00:00:00', 104964, 82.00, 58.00, 1.414, 1, 1, 1, 3, 4),
(35, '2008-03-22 00:00:00', 105351, 71.00, 51.00, 1.392, 1, 1, 1, 3, 4),
(36, '2008-04-04 00:00:00', 106050, 73.00, 54.00, 1.352, 1, 1, 1, 3, 4),
(37, '2008-04-22 00:00:00', 106560, 80.00, 55.00, 1.455, 1, 1, 1, 3, 4),
(38, '2008-05-03 00:00:00', 107000, 73.00, 50.00, 1.460, 1, 1, 1, 3, 4),
(39, '2008-06-11 00:00:00', 107566, 38.00, 25.00, 1.520, 1, 1, 1, 3, 4),
(40, '2008-06-16 00:00:00', 107844, 21.00, 16.00, 1.313, 1, 1, 1, 3, 4),
(41, '2008-07-05 00:00:00', 108280, 70.00, 44.00, 1.591, 1, 1, 1, 3, 4),
(42, '2008-07-22 00:00:00', 108707, 71.00, 48.00, 1.479, 1, 1, 1, 3, 4),
(43, '2008-08-02 00:00:00', 109174, 71.00, 48.00, 1.479, 1, 1, 1, 3, 4),
(44, '2008-08-18 00:00:00', 109654, 76.00, 51.00, 1.490, 1, 1, 1, 3, 4),
(45, '2008-08-29 00:00:00', 110183, 30.00, 20.00, 1.500, 1, 1, 1, 3, 4),
(46, '2008-08-30 00:00:00', 110443, 74.00, 56.00, 1.321, 1, 1, 1, 3, 4),
(47, '2009-09-13 00:00:00', 110919, 60.00, 47.00, 1.277, 1, 1, 1, 3, 4),
(48, '2009-10-01 00:00:00', 111388, 77.00, 53.00, 1.453, 1, 1, 1, 3, 4),
(49, '2008-10-19 00:00:00', 111782, 55.00, 43.00, 1.279, 1, 1, 1, 3, 4),
(50, '2008-11-01 00:00:00', 112320, 54.00, 41.00, 1.317, 1, 1, 1, 3, 4),
(51, '2008-11-07 00:00:00', 112718, 76.00, 58.00, 1.310, 1, 1, 1, 3, 4),
(52, '2008-11-15 00:00:00', 113170, 58.00, 48.00, 1.208, 1, 1, 1, 3, 4),
(53, '2008-12-05 00:00:00', 113601, 59.00, 52.00, 1.135, 1, 1, 1, 3, 4),
(54, '2008-12-26 00:00:00', 113918, 44.00, 40.00, 1.100, 1, 1, 1, 3, 4),
(55, '2009-01-10 00:00:00', 114355, 61.00, 52.00, 1.173, 1, 1, 1, 3, 4),
(56, '2009-01-14 00:00:00', 114748, 60.00, 51.00, 1.176, 1, 1, 1, 3, 4),
(57, '2009-03-29 00:00:00', 115165, 66.00, 54.00, 1.222, 1, 1, 1, 3, 4),
(58, '2009-04-14 00:00:00', 115611, 60.00, 48.00, 1.250, 1, 1, 1, 3, 4),
(59, '2009-04-15 00:00:00', 116098, 47.00, 45.00, 1.044, 1, 1, 1, 3, 4),
(60, '2009-04-16 00:00:00', 116590, 49.00, 50.00, 0.980, 1, 1, 1, 3, 4),
(61, '2009-04-16 00:00:00', 116785, 20.00, 20.00, 1.000, 1, 1, 1, 3, 4),
(62, '2009-05-10 00:00:00', 117315, 72.00, 56.00, 1.286, 1, 1, 1, 3, 4),
(63, '2009-05-28 00:00:00', 117847, 72.00, 57.00, 1.263, 1, 1, 1, 3, 4),
(64, '2009-06-20 00:00:00', 118284, 66.00, 48.00, 1.375, 1, 1, 1, 3, 4),
(65, '2009-07-03 00:00:00', 118788, 22.00, 15.00, 1.467, 1, 1, 1, 3, 4),
(66, '2009-07-05 00:00:00', 118958, 20.00, 18.00, 1.111, 1, 1, 1, 3, 4),
(67, '2009-07-05 00:00:00', 119044, 45.00, 45.00, 1.000, 1, 1, 1, 3, 4),
(68, '2009-07-22 00:00:00', 119572, 20.00, 15.00, 1.333, 1, 1, 1, 3, 4),
(69, '2009-08-14 00:00:00', 120042, 20.00, 15.00, 1.333, 1, 1, 1, 3, 4),
(70, '2009-08-18 00:00:00', 120304, 59.00, 51.00, 1.157, 1, 1, 1, 3, 4),
(71, '2009-08-18 00:00:00', 120889, 75.00, 52.00, 1.442, 1, 1, 1, 3, 4),
(72, '2009-08-18 00:00:00', 121324, 64.00, 46.00, 1.391, 1, 1, 1, 3, 4),
(73, '2009-08-19 00:00:00', 121827, 64.00, 49.00, 1.306, 1, 1, 1, 3, 4),
(74, '2009-08-21 00:00:00', 122262, 70.00, 50.00, 1.400, 1, 1, 1, 3, 4),
(75, '2009-08-26 00:00:00', 122723, 67.00, 51.00, 1.314, 1, 1, 1, 3, 4),
(76, '2009-08-30 00:00:00', 123200, 40.00, 30.00, 1.333, 1, 1, 1, 3, 4),
(77, '2009-09-01 00:00:00', 123331, 57.00, 41.00, 1.390, 1, 1, 1, 3, 4),
(78, '2009-09-04 00:00:00', 123719, 63.00, 48.00, 1.313, 1, 1, 1, 3, 4),
(79, '2009-09-06 00:00:00', 124202, 66.00, 51.00, 1.294, 1, 1, 1, 3, 4),
(80, '2009-09-07 00:00:00', 124697, 63.00, 49.00, 1.286, 1, 1, 1, 3, 4),
(81, '2009-09-07 00:00:00', 125196, 67.00, 53.00, 1.264, 1, 1, 1, 3, 4),
(82, '2009-09-08 00:00:00', 125598, 30.00, 24.00, 1.250, 1, 1, 1, 3, 4),
(83, '2009-09-08 00:00:00', 125906, 53.00, 49.00, 1.082, 1, 1, 1, 3, 4),
(84, '2009-09-16 00:00:00', 126458, 73.00, 57.00, 1.281, 1, 1, 1, 3, 4),
(85, '2009-10-20 00:00:00', 126890, 68.00, 51.00, 1.333, 1, 1, 1, 3, 4),
(86, '2009-11-07 00:00:00', 127250, 58.00, 42.00, 1.381, 1, 1, 1, 3, 4),
(87, '2009-12-05 00:00:00', 127714, 56.00, 42.00, 1.333, 1, 1, 1, 3, 4),
(88, '2009-12-24 00:00:00', 127947, 66.00, 49.00, 1.347, 1, 1, 1, 3, 4),
(89, '2010-01-11 00:00:00', 128415, 85.00, 60.00, 1.417, 1, 1, 1, 3, 4),
(90, '2010-02-06 00:00:00', 128845, 76.00, 57.00, 1.333, 1, 1, 1, 3, 4),
(91, '2010-03-03 00:00:00', 129197, 70.00, 50.00, 1.400, 1, 1, 1, 3, 4),
(92, '2010-03-26 00:00:00', 129626, 74.00, 52.00, 1.423, 1, 1, 1, 3, 4),
(93, '2010-04-10 00:00:00', 129855, 37.00, 26.00, 1.423, 1, 1, 1, 3, 4),
(94, '2010-04-12 00:00:00', 130045, 46.00, 31.00, 1.484, 1, 1, 1, 3, 4),
(95, '2010-04-25 00:00:00', 130370, 45.00, 32.00, 1.406, 1, 1, 1, 3, 4),
(96, '2010-05-09 00:00:00', 130725, 71.00, 49.00, 1.449, 1, 1, 1, 3, 4),
(97, '2010-05-21 00:00:00', 131085, 53.00, 43.00, 1.233, 1, 1, 1, 3, 4),
(98, '2010-06-04 00:00:00', 131536, 55.00, 39.00, 1.410, 1, 1, 1, 3, 4),
(99, '2010-06-04 00:00:00', 131889, 57.00, 46.00, 1.239, 1, 1, 1, 3, 4),
(100, '2010-06-24 00:00:00', 132388, 82.00, 57.00, 1.439, 1, 1, 1, 3, 4),
(101, '2010-08-01 00:00:00', 133044, 72.00, 53.00, 1.358, 1, 1, 1, 3, 4),
(102, '2010-08-10 00:00:00', 133375, 50.00, 37.00, 1.351, 1, 1, 1, 3, 4),
(103, '2010-08-10 00:00:00', 133903, 84.00, 58.00, 1.448, 1, 1, 1, 3, 4),
(104, '2010-08-15 00:00:00', 134284, 60.00, 41.00, 1.463, 1, 1, 1, 3, 4),
(105, '2010-08-16 00:00:00', 135091, 58.00, 41.00, 1.415, 1, 1, 1, 3, 4),
(106, '2010-08-24 00:00:00', 135541, 64.00, 47.00, 1.362, 1, 1, 1, 3, 4),
(107, '2010-08-27 00:00:00', 135739, 27.00, 23.00, 1.174, 1, 1, 1, 3, 4),
(108, '2010-09-04 00:00:00', 136071, 46.00, 34.00, 1.353, 1, 1, 1, 3, 4),
(109, '2010-10-09 00:00:00', 136452, 76.00, 54.00, 1.407, 1, 1, 1, 3, 4),
(110, '2010-10-30 00:00:00', 136991, 75.00, 54.00, 1.389, 1, 1, 1, 3, 4),
(111, '2010-11-22 00:00:00', 137464, 74.00, 53.00, 1.396, 1, 1, 1, 3, 4),
(112, '2010-12-10 00:00:00', 137779, 74.00, 50.00, 1.480, 1, 1, 1, 3, 4),
(113, '2011-01-09 00:00:00', 138223, 82.00, 56.00, 1.464, 1, 1, 1, 3, 4),
(114, '2011-01-22 00:00:00', 138686, 77.00, 52.00, 1.481, 1, 1, 1, 3, 4),
(115, '2011-02-12 00:00:00', 139039, 64.00, 44.00, 1.455, 1, 1, 1, 3, 4),
(116, '2011-03-30 00:00:00', 139467, 80.00, 54.00, 1.481, 1, 1, 1, 3, 4),
(117, '2011-04-15 00:00:00', 139895, 74.00, 47.00, 1.574, 1, 1, 1, 3, 4),
(118, '2011-05-10 00:00:00', 140398, 87.00, 56.00, 1.554, 1, 1, 1, 3, 4),
(119, '2011-05-22 00:00:00', 140718, 54.00, 38.00, 1.421, 1, 1, 1, 3, 4),
(120, '2011-06-19 00:00:00', 141200, 66.00, 48.00, 1.375, 1, 1, 1, 3, 4),
(121, '2011-06-26 00:00:00', 141560, 29.00, 20.00, 1.450, 1, 1, 1, 3, 4),
(122, '2011-06-26 00:00:00', 141873, 82.00, 60.00, 1.367, 1, 1, 1, 3, 4),
(123, '2011-09-16 00:00:00', 142433, 87.00, 56.00, 1.554, 1, 1, 1, 3, 4),
(124, '2011-09-13 00:00:00', 142928, 92.00, 60.00, 1.533, 1, 1, 1, 3, 4),
(125, '2011-12-18 00:00:00', 143961, 77.00, 54.00, 1.426, 1, 1, 1, 3, 4),
(126, '2012-01-30 00:00:00', 144339, 77.00, 50.00, 1.540, 1, 1, 1, 3, 4),
(127, '2012-02-21 00:00:00', 144657, 45.00, 40.00, 1.125, 1, 1, 1, 3, 4),
(128, '2012-02-13 00:00:00', 145208, 48.00, 30.00, 1.600, 1, 1, 1, 3, 4),
(129, '2012-03-03 00:00:00', 145474, 80.00, 55.00, 1.455, 1, 1, 1, 3, 4),
(130, '2012-04-09 00:00:00', 145848, 80.00, 48.00, 1.667, 1, 1, 1, 3, 4),
(131, '2012-04-24 00:00:00', 146408, 96.00, 59.00, 1.627, 1, 1, 1, 3, 4),
(132, '2012-05-12 00:00:00', 146756, 60.00, 38.00, 1.579, 1, 1, 1, 3, 4),
(133, '2012-05-27 00:00:00', 147204, 76.00, 49.00, 1.551, 1, 1, 1, 3, 4),
(134, '2012-07-21 00:00:00', 147690, 94.00, 56.00, 1.679, 1, 1, 1, 3, 4),
(135, '2012-07-24 00:00:00', 147878, 42.00, 25.00, 1.680, 1, 1, 1, 3, 4),
(136, '2012-07-24 00:00:00', 148231, 93.00, 50.00, 1.860, 1, 1, 1, 3, 4),
(137, '2012-07-24 00:00:00', 148456, 58.00, 30.00, 1.933, 1, 1, 1, 3, 4),
(138, '2012-07-24 00:00:00', 148765, 77.00, 42.00, 1.833, 1, 1, 1, 3, 4),
(139, '2012-07-27 00:00:00', 149025, 68.00, 37.00, 1.838, 1, 1, 1, 3, 4),
(140, '2012-07-28 00:00:00', 149356, 94.00, 50.00, 1.880, 1, 1, 1, 3, 4),
(141, '2012-07-28 00:00:00', 149689, 89.00, 47.00, 1.894, 1, 1, 1, 3, 4),
(142, '2012-07-28 00:00:00', 149911, 53.00, 28.00, 1.893, 1, 1, 1, 3, 4),
(143, '2012-07-28 00:00:00', 150215, 56.00, 37.00, 1.514, 1, 1, 1, 3, 4),
(144, '2012-09-27 00:00:00', 150657, 93.00, 56.00, 1.661, 1, 1, 1, 3, 4),
(145, '2012-10-11 00:00:00', 150836, 38.00, 21.00, 1.810, 1, 1, 1, 3, 4),
(146, '2012-10-12 00:00:00', 151180, 58.00, 36.00, 1.611, 1, 1, 1, 3, 4),
(147, '2012-11-25 00:00:00', 151687, 94.00, 59.00, 1.593, 1, 1, 1, 3, 4),
(148, '2012-12-23 00:00:00', 152141, 85.00, 57.00, 1.491, 1, 1, 1, 3, 4),
(149, '2013-02-22 00:00:00', 152492, 77.00, 49.00, 1.571, 1, 1, 1, 3, 4),
(150, '2013-03-23 00:00:00', 152772, 55.00, 34.00, 1.618, 1, 1, 1, 3, 4),
(151, '2013-04-16 00:00:00', 153224, 76.00, 50.00, 1.520, 1, 1, 1, 3, 4),
(152, '2013-05-12 00:00:00', 153742, 77.00, 50.00, 1.540, 1, 1, 1, 3, 4),
(153, '2013-05-25 00:00:00', 153872, 40.00, 20.00, 2.000, 1, 1, 1, 3, 4),
(154, '2013-07-30 00:00:00', 154289, 77.00, 50.00, 1.540, 1, 1, 1, 3, 4),
(155, '2013-08-30 00:00:00', 154784, 85.00, 55.00, 1.545, 1, 1, 1, 3, 4),
(156, '2013-09-20 00:00:00', 155266, 75.00, 50.00, 1.500, 1, 1, 1, 3, 4),
(157, '2013-10-06 00:00:00', 155689, 67.00, 46.00, 1.457, 1, 1, 1, 3, 4),
(158, '2013-10-29 00:00:00', 156135, 75.00, 52.00, 1.442, 1, 1, 1, 3, 4),
(159, '2013-11-20 00:00:00', 156544, 72.00, 50.00, 1.440, 1, 1, 1, 3, 4),
(160, '2014-02-02 00:00:00', 156905, 74.00, 51.00, 1.451, 1, 1, 1, 3, 4),
(161, '2014-02-22 00:00:00', 157427, 84.00, 57.00, 1.474, 1, 1, 1, 3, 4),
(162, '2014-03-24 00:00:00', 157948, 76.00, 52.00, 1.462, 1, 1, 1, 3, 4),
(163, '2014-04-16 00:00:00', 158402, 86.00, 57.00, 1.509, 1, 1, 1, 3, 4),
(164, '2014-05-08 00:00:00', 158785, 71.00, 49.00, 1.449, 1, 1, 1, 3, 4),
(165, '2014-05-31 00:00:00', 159175, 74.00, 49.00, 1.510, 1, 1, 1, 3, 4),
(166, '2014-06-23 00:00:00', 159687, 87.00, 56.00, 1.554, 1, 1, 1, 3, 4),
(167, '2014-07-13 00:00:00', 160156, 84.00, 56.00, 1.500, 1, 1, 1, 3, 4),
(168, '2010-12-16 00:00:00', 62120, 29.84, 20.30, 1.470, 2, 1, 2, 1, 3),
(169, '2011-01-08 00:00:00', 62246, 29.51, 20.21, 1.460, 2, 1, 2, 1, 3),
(170, '2011-02-13 00:00:00', 62440, 36.01, 25.18, 1.430, 2, 1, 2, 1, 3),
(171, '2011-02-24 00:00:00', 62683, 30.11, 19.30, 1.560, 2, 2, 2, 1, 3),
(172, '2011-03-07 00:00:00', 62834, 63.11, 41.25, 1.530, 2, 1, 2, 1, 3),
(173, '2011-04-05 00:00:00', 63224, 47.13, 30.02, 1.570, 2, 2, 2, 1, 3),
(174, '2011-05-07 00:00:00', 63538, 45.88, 29.41, 1.560, 2, 2, 2, 1, 3),
(175, '2011-05-17 00:00:00', 63680, 32.33, 20.46, 1.580, 2, 2, 2, 1, 3),
(176, '2011-05-31 00:00:00', 63959, 62.90, 42.50, 1.480, 2, 2, 2, 1, 3),
(177, '2011-06-11 00:00:00', 64287, 49.70, 32.27, 1.540, 2, 2, 2, 1, 3),
(178, '2011-06-15 00:00:00', 64853, 46.80, 30.00, 1.560, 2, 2, 2, 1, 3),
(179, '2011-07-01 00:00:00', 65108, 42.84, 28.00, 1.530, 2, 2, 2, 1, 3),
(180, '2011-07-03 00:00:00', 65319, 39.48, 28.00, 1.410, 2, 1, 1, 3, 3),
(181, '2011-07-10 00:00:00', 65761, 40.54, 30.25, 1.340, 2, 1, 1, 3, 3),
(182, '2011-07-21 00:00:00', 66215, 39.52, 26.00, 1.520, 2, 2, 2, 1, 3),
(183, '2011-07-29 00:00:00', 66448, 37.04, 23.44, 1.580, 2, 2, 2, 1, 3),
(184, '2011-08-23 00:00:00', 67172, 30.00, 20.00, 1.500, 2, 2, 2, 1, 3),
(185, '2011-09-18 00:00:00', 67356, 45.20, 30.13, 1.500, 2, 2, 2, 1, 3),
(186, '2011-10-09 00:00:00', 67624, 44.67, 30.18, 1.480, 2, 2, 2, 1, 3),
(187, '2011-10-29 00:00:00', 67981, 19.89, 12.51, 1.590, 2, 1, 2, 4, 3),
(188, '2011-10-23 00:00:00', 68092, 19.92, 13.19, 1.510, 2, 1, 2, 5, 3),
(189, '2011-10-31 00:00:00', 68210, 23.06, 14.88, 1.550, 2, 2, 2, 1, 3),
(190, '2011-10-21 00:00:00', 68360, 38.92, 28.20, 1.380, 2, 1, 1, 3, 3),
(191, '2011-11-06 00:00:00', 68787, 45.14, 32.24, 1.400, 2, 1, 3, 6, 3),
(192, '2011-11-24 00:00:00', 69180, 47.70, 32.45, 1.470, 2, 2, 2, 1, 3),
(193, '2011-12-09 00:00:00', 69529, 48.17, 33.22, 1.450, 2, 2, 2, 1, 3),
(194, '2011-12-31 00:00:00', 69886, 53.10, 35.40, 1.500, 2, 2, 2, 1, 3),
(195, '2012-01-08 00:00:00', 70043, 29.26, 19.00, 1.540, 2, 2, 2, 1, 3),
(196, '2012-01-18 00:00:00', 70415, 54.99, 35.05, 1.569, 2, 2, 2, 1, 3),
(197, '2012-02-01 00:00:00', 70609, 30.61, 20.15, 1.519, 2, 2, 2, 1, 3),
(198, '2012-02-12 00:00:00', 70894, 48.02, 30.20, 1.590, 2, 2, 2, 1, 3),
(199, '2012-02-25 00:00:00', 71165, 16.51, 10.01, 1.649, 2, 2, 2, 1, 3),
(200, '2012-03-05 00:00:00', 71236, 68.53, 43.40, 1.579, 2, 2, 2, 1, 4),
(201, '2012-03-24 00:00:00', 71715, 61.66, 37.85, 1.629, 2, 2, 2, 1, 4),
(202, '2012-04-08 00:00:00', 72088, 73.79, 44.48, 1.659, 2, 2, 2, 1, 4),
(203, '2012-04-26 00:00:00', 72552, 70.63, 44.73, 1.579, 2, 2, 2, 1, 4),
(204, '2012-05-04 00:00:00', 73143, 71.42, 45.23, 1.579, 2, 2, 2, 1, 4),
(205, '2012-05-19 00:00:00', 73616, 68.52, 43.95, 1.559, 2, 1, 2, 1, 4),
(206, '2012-05-28 00:00:00', 74000, 56.91, 38.56, 1.476, 2, 1, 3, 7, 4),
(207, '2012-06-11 00:00:00', 74538, 70.59, 44.99, 1.569, 2, 2, 2, 1, 4),
(208, '2012-06-23 00:00:00', 74949, 65.32, 43.00, 1.519, 2, 2, 2, 1, 4),
(209, '2012-07-15 00:00:00', 75387, 67.58, 43.63, 1.549, 2, 2, 2, 8, 4),
(210, '2012-08-10 00:00:00', 75825, 38.26, 23.20, 1.649, 2, 2, 2, 1, 3),
(211, '2012-08-12 00:00:00', 75983, 57.08, 37.09, 1.539, 2, 1, 2, 9, 4),
(212, '2012-08-12 00:00:00', 76327, 60.98, 33.00, 1.848, 2, 1, 1, 3, 4),
(213, '2012-08-12 00:00:00', 76752, 65.93, 34.00, 1.939, 2, 1, 1, 3, 4),
(214, '2012-08-16 00:00:00', 77142, 77.86, 42.90, 1.815, 2, 1, 2, 10, 4),
(215, '2012-08-18 00:00:00', 77464, 59.06, 32.43, 1.821, 2, 1, 2, 11, 4),
(216, '2012-08-31 00:00:00', 77862, 65.01, 32.52, 1.999, 2, 2, 1, 3, 4),
(217, '2012-08-31 00:00:00', 78361, 86.01, 42.18, 2.039, 2, 1, 2, 3, 4),
(218, '2012-08-31 00:00:00', 78812, 56.79, 36.43, 1.559, 2, 1, 2, 9, 4),
(219, '2012-10-06 00:00:00', 79269, 74.03, 45.17, 1.639, 2, 2, 2, 1, 4),
(220, '2012-11-01 00:00:00', 79510, 19.99, 12.99, 1.539, 2, 2, 2, 1, 3),
(221, '2012-11-03 00:00:00', 79786, 51.37, 35.45, 1.449, 2, 1, 3, 12, 4),
(222, '2012-11-16 00:00:00', 80309, 69.21, 44.11, 1.569, 2, 2, 2, 1, 4),
(223, '2012-12-26 00:00:00', 80728, 61.23, 41.40, 1.479, 2, 2, 2, 1, 4),
(224, '2013-01-26 00:00:00', 81199, 69.59, 43.52, 1.599, 2, 2, 2, 1, 4),
(225, '2013-01-27 00:00:00', 81716, 66.33, 44.25, 1.499, 2, 2, 2, 1, 4),
(226, '2013-03-10 00:00:00', 82063, 46.51, 30.62, 1.519, 2, 2, 2, 1, 4),
(227, '2013-03-16 00:00:00', 82173, 25.83, 16.57, 1.559, 2, 2, 2, 13, 3),
(228, '2013-03-17 00:00:00', 82646, 52.58, 35.08, 1.499, 2, 2, 2, 13, 4),
(229, '2013-03-28 00:00:00', 83165, 57.89, 39.54, 1.464, 2, 1, 1, 9, 4),
(230, '2013-03-28 00:00:00', 83521, 42.46, 29.00, 1.464, 2, 1, 4, 14, 4),
(231, '2013-03-29 00:00:00', 84059, 39.83, 21.66, 1.839, 2, 1, 4, 15, 3),
(232, '2013-04-02 00:00:00', 84295, 77.86, 43.28, 1.799, 2, 1, 4, 10, 4),
(233, '2013-04-02 00:00:00', 84852, 75.99, 40.66, 1.869, 2, 1, 4, 16, 4),
(234, '2013-04-02 00:00:00', 85391, 54.70, 37.88, 1.444, 2, 1, 4, 9, 4),
(235, '2013-04-25 00:00:00', 85916, 65.81, 45.42, 1.449, 2, 2, 2, 1, 4),
(236, '2013-05-04 00:00:00', 86351, 60.59, 40.15, 1.509, 2, 2, 2, 17, 4),
(237, '2013-05-09 00:00:00', 86698, 17.05, 11.01, 1.549, 2, 2, 2, 1, 3),
(238, '2013-05-19 00:00:00', 86988, 16.12, 10.21, 1.579, 2, 2, 2, 1, 3),
(239, '2013-05-19 00:00:00', 87105, 58.10, 42.10, 1.380, 2, 1, 3, 7, 4),
(240, '2013-06-22 00:00:00', 87609, 49.96, 33.33, 1.499, 2, 2, 2, 1, 3),
(241, '2013-07-06 00:00:00', 87843, 48.53, 30.16, 1.609, 2, 2, 2, 1, 3),
(242, '2013-07-06 00:00:00', 88238, 40.08, 24.16, 1.659, 2, 2, 2, 18, 3),
(243, '2013-07-18 00:00:00', 88570, 64.01, 41.06, 1.559, 2, 2, 2, 1, 3),
(244, '2013-08-04 00:00:00', 89006, 56.03, 36.17, 1.549, 2, 2, 2, 19, 3),
(245, '2013-08-26 00:00:00', 89405, 54.05, 35.12, 1.539, 2, 2, 2, 1, 3),
(246, '2013-10-12 00:00:00', 89755, 53.01, 35.13, 1.509, 2, 2, 2, 1, 3),
(247, '2013-11-01 00:00:00', 89973, 31.20, 20.01, 1.559, 2, 2, 2, 1, 3),
(248, '2013-11-01 00:00:00', 90410, 50.02, 34.76, 1.439, 2, 2, 2, 20, 3),
(249, '2013-11-03 00:00:00', 90904, 60.74, 40.52, 1.499, 2, 2, 2, 21, 3),
(250, '2013-11-05 00:00:00', 91295, 50.89, 35.12, 1.449, 2, 2, 2, 22, 4),
(251, '2013-11-05 00:00:00', 91855, 31.51, 20.21, 1.559, 2, 2, 2, 1, 3),
(252, '2013-12-07 00:00:00', 92384, 52.00, 35.16, 1.479, 2, 2, 2, 1, 4),
(253, '2013-11-16 00:00:00', 92401, 46.91, 30.48, 1.539, 2, 2, 2, 1, 3),
(254, '2013-12-26 00:00:00', 92766, 45.01, 30.23, 1.489, 2, 2, 2, 1, 3),
(255, '2014-03-09 00:00:00', 93545, 51.50, 34.59, 1.489, 2, 2, 2, 1, 3),
(256, '2014-04-06 00:00:00', 93912, 60.44, 40.05, 1.509, 2, 2, 2, 1, 3),
(257, '2014-04-20 00:00:00', 94312, 40.66, 26.42, 1.539, 2, 2, 2, 23, 3),
(258, '2014-04-21 00:00:00', 94523, 31.43, 20.42, 1.539, 2, 2, 2, 24, 3),
(259, '2014-05-03 00:00:00', 94936, 54.76, 36.29, 1.509, 2, 2, 2, 1, 3),
(260, '2014-05-28 00:00:00', 95312, 58.06, 38.99, 1.489, 2, 2, 2, 1, 3),
(261, '2014-06-22 00:00:00', 95771, 62.76, 40.00, 1.569, 2, 2, 2, 1, 3),
(262, '2014-07-28 00:00:00', 96119, 59.20, 40.03, 1.479, 2, 2, 2, 25, 3),
(263, '2014-08-25 00:00:00', 96598, 53.61, 36.25, 1.479, 2, 2, 2, 1, 3),
(264, '2014-10-04 16:47:53', 97047, 55.06, 37.48, 1.469, 2, 2, 2, 1, 3),
(265, '2014-11-28 00:00:00', 97773, 50.03, 36.02, 1.389, 2, 2, 2, 1, 3),
(266, '2014-12-02 00:00:00', 98108, 41.14, 30.05, 1.369, 2, 2, 2, 13, 4),
(267, '2014-12-16 00:00:00', 98518, 48.45, 38.18, 1.269, 2, 2, 2, 1, 3),
(268, '2015-01-02 00:00:00', 98950, 60.08, 48.49, 1.239, 2, 2, 2, 26, 4),
(269, '2015-02-25 00:00:00', 99442, 49.89, 35.92, 1.389, 2, 1, 2, 1, 3),
(270, '2015-04-16 00:00:00', 100204, 63.97, 45.40, 1.419, 2, 2, 2, 1, 3),
(271, '2015-05-24 00:00:00', 100638, 49.93, 35.69, 1.399, 2, 2, 2, 1, 3),
(272, '2015-06-19 00:00:00', 101052, 58.29, 40.23, 1.000, 2, 2, 2, 1, 3),
(273, '2015-07-04 00:00:00', 101451, 50.03, 35.01, 1.429, 2, 2, 2, 1, 3);


/*!40101 SET CHARACTER_SET_CLIENT=@OLD_CHARACTER_SET_CLIENT */;
/*!40101 SET CHARACTER_SET_RESULTS=@OLD_CHARACTER_SET_RESULTS */;
/*!40101 SET COLLATION_CONNECTION=@OLD_COLLATION_CONNECTION */;
